,age,priors_count,length_of_stay,c_charge_degree_F,sex_Female,race
LogisticRegression,0.10460672800905672,-0.20237971198534863,-0.005825436876152951,-0.4152252195726832,0.1273427759279451,-0.5931414107010914
RandomForest,0.33656254999449603,0.2959846544322221,0.27671191454134353,0.027242821902147125,0.02355318251118089,0.03994487661861037
SVM,0.04393753025624392,-0.11013398860887946,-0.002710711467557303,-0.0788163666005488,-0.02996369520287523,-0.11572268577455702
